{
  "project_info": {
    "project_number": "1006455534707",
    "firebase_url": "https://streetreform-26f56-default-rtdb.firebaseio.com",
    "project_id": "streetreform-26f56",
    "storage_bucket": "streetreform-26f56.appspot.com"
  },
  "client": [
    {
      "client_info": {
        "mobilesdk_app_id": "1:1006455534707:android:1aeb2b207ade88e7256606",
        "android_client_info": {
          "package_name": "com.app.street_reform"
        }
      },
      "oauth_client": [
        {
          "client_id": "1006455534707-imv0las8al95tgss85570hhuijjf36ct.apps.googleusercontent.com",
          "client_type": 3
        }
      ],
      "api_key": [
        {
          "current_key": "AIzaSyDxLW1QUsMf3gWYxOd-ZdeanPchk2H4pc0"
        }
      ],
      "services": {
        "appinvite_service": {
          "other_platform_oauth_client": [
            {
              "client_id": "1006455534707-imv0las8al95tgss85570hhuijjf36ct.apps.googleusercontent.com",
              "client_type": 3
            }
          ]
        }
      }
    }
  ],
  "configuration_version": "1"
}